title,link,summary,pub_time,category,crawl_time
新闻体育NBA娱乐音乐游戏财经股票汽车科技手机智能家电时尚直播文化旅游房产家居教育本地健康艺术,https://news.163.com/,,2025-06-28 18:12,news,2025-06-28 18:12:45
新闻体育NBA娱乐音乐游戏财经股票汽车科技手机智能家电时尚直播文化旅游房产家居教育本地健康艺术,https://news.163.com/,,2025-06-28 18:12,news,2025-06-28 18:12:45
网易新闻有态度,https://news.163.com/,,2025-06-28 18:12,news,2025-06-28 18:12:45
传媒科技研究院,https://news.163.com/college,,2025-06-28 18:12,news,2025-06-28 18:12:45
最容易转行的专业，谁读谁后悔,https://www.163.com/data/article/K2TH60LV000181IU.html,,2025-06-28 18:12,news,2025-06-28 18:12:45
无法根治，它让1500万中国人生不如死,https://www.163.com/data/article/K1PBNGGL000181IU.html,,2025-06-28 18:12,news,2025-06-28 18:12:45
中国班味最重的高铁，挤满了牛马,https://www.163.com/data/article/K1CJ20DS000181IU.html,,2025-06-28 18:12,news,2025-06-28 18:12:45
家花到底还是没有野花香啊！,https://www.163.com/news/article/K35E08KT000181BR.html,,2025-06-28 18:12,news,2025-06-28 18:12:45
性取向有什么用吗？男的女的谁喜欢你？,https://www.163.com/news/article/K33G7D78000181BR.html,,2025-06-28 18:12,news,2025-06-28 18:12:45
某时尚品牌新款，感觉在中国不太好卖,https://www.163.com/news/article/K30F7HBH000181BR.html,,2025-06-28 18:12,news,2025-06-28 18:12:45
第一批扫墓式追星的人，给内娱上了一课,https://www.163.com/caozhi/article/K2BA3O0S000181TI.html,,2025-06-28 18:12,news,2025-06-28 18:12:45
深圳校服统治世界，谁支持谁反对,https://www.163.com/caozhi/article/K264CKMD000181TI.html,,2025-06-28 18:12,news,2025-06-28 18:12:45
中国最抽象的省，干成了文化悍匪,https://www.163.com/caozhi/article/K1RTOGSH000181TI.html,,2025-06-28 18:12,news,2025-06-28 18:12:45
他“改邪归正”了，果然人老了会变得善良？,https://www.163.com/news/article/K2BA61IB0001982T.html,,2025-06-28 18:12,news,2025-06-28 18:12:45
果然，韩国最该申遗的是编剧,https://www.163.com/news/article/K1P8TB3L0001982T.html,,2025-06-28 18:12,news,2025-06-28 18:12:45
国产综艺请他来，是想笑死我吗,https://www.163.com/news/article/K1K4T9AN0001982T.html,,2025-06-28 18:12,news,2025-06-28 18:12:45
35岁，能在国企躺平吗？,https://www.163.com/renjian/article/JHUA9HBI000181RV.html,,2025-06-28 18:12,news,2025-06-28 18:12:45
特训学校的300个日夜,https://www.163.com/renjian/article/JGUUBF35000181RV.html,,2025-06-28 18:12,news,2025-06-28 18:12:45
快手主播和他的4部电影,https://www.163.com/renjian/article/JGB0BAFB000181RV.html,,2025-06-28 18:12,news,2025-06-28 18:12:45
一粒难求！让家长疯抢的“聪明药”是个啥？,https://www.163.com/jiankang/article/K2GD55MC00389A9R.html,,2025-06-28 18:12,news,2025-06-28 18:12:45
